scroll,surface,global_r_reverse,global_r_forward,global_r_shuffled,local_r_p99_reverse,local_r_p99_forward,local_r_p99_shuffled,local_r_max_reverse,local_r_max_forward,local_r_max_shuffled,n_windows_reverse,n_windows_forward,n_windows_shuffled
PHerc1447,announced-text reference window (not eligible),0.6882,0.3714,-0.1591,0.8715,0.667,0.2464,0.8871,0.671,0.3072,49,31,48
PHerc0800,20251028213516 (official SV),0.1217,0.1597,0.028,0.467,0.3005,0.4371,0.4803,0.3288,0.4946,160,52,243
PHerc0800,20251028220042 (official SV),0.1571,0.2291,-0.0114,0.6374,0.7242,0.3312,0.6629,0.7525,0.4348,41,131,198
PHerc0800,20251028220955 (official SV),0.1949,0.2147,0.0465,0.4543,0.4798,0.4675,0.4817,0.5327,0.5716,112,132,247
PHerc0800,20251028222030 (official SV),0.0405,0.4005,-0.0676,0.5748,0.7858,0.308,0.5856,0.7892,0.3905,61,32,374
PHerc0800,20251028225813 (official SV),0.0545,0.1236,0.0621,0.2278,0.423,0.3537,0.2285,0.4265,0.4735,15,55,291
PHerc0800,20251029010146 (official SV),-0.0587,-0.0553,0.03,,,0.2701,,,0.2763,0,0,25
PHerc1203,auto_grown_20251005231446965,0.0428,0.0396,-0.1383,0.6789,0.3825,0.3132,0.7199,0.4076,0.4818,162,117,1146
PHerc1203,auto_grown_20251005221856743,0.1863,0.2167,-0.1842,0.7148,0.7059,0.3662,0.7867,0.7427,0.5331,850,462,1314
PHerc1203,auto_grown_20250930104534929,0.0883,0.1567,-0.0542,0.568,0.5873,0.3564,0.7221,0.6676,0.4579,653,770,1161
PHerc1203,auto_grown_20251005230830031 (folded mesh),0.0431,0.0219,-0.0821,0.6344,0.561,0.3707,0.6827,0.663,0.5216,494,306,1323
